ID,Title,URL,Pin Score,Saves,Position,Is Repin,Created At,Comments,Repins,Reactions,Keyword Annotations,Image URL,Board URL,Profile URL,Description
70437490675413,French Onion Chicken Orzo Casserole,https://www.pinterest.com/pin/70437490675413,100,98211,85,1,"oct. 5, 2025",64,80682,649,"Recette Santé, Chicken Casserole, Crockpot Creamy French Onion Chicken And Orzo, Rotisserie Chicken Orzo, French Onion Chicken Orzo, Orzo, Pollo Loco, Rotisserie Chicken, French Onion Chicken Casserole",https://i.pinimg.com/736x/d9/8a/d9/d98ad9c0155ac28005fd6c46ada2a61b.jpg,https://app.pinclicks.com/accounts/jennifer578/boards/6163540,https://app.pinclicks.com/accounts/jennifer578,"This French Onion Chicken Orzo Casserole is a cozy, flavor-packed dish combining tender chicken, caramelized onions, and creamy orzo pasta. Topped with melty cheese and baked to bubbly perfection, it’s a one-pan comfort meal that’s perfect for busy weeknights or Sunday dinner with a twist!"
2392606049181501,Air Fryer Light Churros,https://www.pinterest.com/pin/2392606049181501,93,144170,70,1,"May 30, 2026",471,4168,17650,"Easy Homemade Churros Recipes, Diy Churros Recipes, Easy Churros Recipe Simple, Baking Aesthetic Recipes Easy, Airfryer Dessert, How To Make Churros Easy Recipe, Food Ideas Aesthetic, Easy Yummy Snacks, Churros Recipes",https://i.pinimg.com/736x/9f/91/1f/9f911fb35171c5231af94e6d06a9b055.jpg,https://app.pinclicks.com/accounts/jmcvey2/boards/50270311,https://app.pinclicks.com/accounts/jmcvey2,"fall dessert recipes,fall dessert,dessert recipes,dessert recipes easy,dinner ideas,dinner recipes,dinner recipes for family,dinner ideas easy,lunch ideas,lunch recipes,breakfast ideas,breakfast recipes,cooking recipes,recipes for dinner,cooking ideas,healthy dinner recipes,healthy recipes,healthy lunch ideas,healthy meals,healthy fall baking,halthy eating,that girl,that girl aesthetic,that girl routine,friday blessings,friday night dinner ideas,baking ideas,autumn,christmas treats"
351912467186907,"🥔💥✨""Irresistible Crunch Crispy Potato Balls Recipe for a Flavorful Explosion! 🥔💥✨""",https://www.pinterest.com/pin/351912467186907,90,128982,89,1,"Mar 5, 2026",774,14802,17510,"Something Tasty To Eat, Making Food Video, Hot Food Recipes, Summer Cooking Ideas, Recipes To Make At Home, Cooking Easy Recipes, Easy Yummy Food, Food Ideas To Cook, Midnight Snack Ideas Easy",https://i.pinimg.com/736x/5d/e2/90/5de2906c17d9450500394b7a2c53fed2.jpg,https://app.pinclicks.com/accounts/desiromero30/boards/3824136,https://app.pinclicks.com/accounts/desiromero30,#foodvlog #food #christmasfood #christmascookies #dessert #foodies #UK #usa #america #snacks #food #foodie #foodporn #snack #yummy #foodphotography #instafoodnacktime #foodstagram #foodblogger #delicious #homemade #healthyfood #foodlover #americanfood #foodies #orange #breakfast #unitedstates #breadbaking #usa🇺🇸 #breadmaking #usa #pudding #streetfood #breakfastideas #chocolate #cake #cooking #hungry #foodreview #foodshow #foodmenu #USAfood
281543725216476,Simple and Delicious Tater Tot Casserole Recipe,https://www.pinterest.com/pin/281543725216476,53,57263,30,1,"Mar 2, 2025",87,36327,1155,"Tatertot Casserole Recipe Easy, Tator Tot Cassarole, Tater Tot Casserole Recipe, Best Tator Tot Casserole Ever, Layered Tater Tot Casserole, Best Tator Tot Casserole Recipe, Tatertot Hot Dish, Traditional Tater Tot Casserole, Tator Tots Recipes",https://i.pinimg.com/736x/40/6e/38/406e38ea06e934b40559d009cd72d2ea.jpg,https://app.pinclicks.com/accounts/kimlinderman/boards/2467515,https://app.pinclicks.com/accounts/kimlinderman,Get your dinner done with a simple and delicious tater tot casserole This easy-to-make recipe with ground beef is a must-try for anyone who loves comfort food
70437490500948,Garlic Parmesan Crockpot Chicken and Potatoes,https://www.pinterest.com/pin/70437490500948,49,53878,72,1,"Aug 11, 2025",64,33560,545,"Easy Crockpot Recipes With Potatoes, Crockpot Meals Chicken And Potatoes, Crock Pot Chicken Recipes Potatoes, Chicken Potato Crockpot Recipes, Crockpot Meals With Potatoes, Crock Pot Meal With Potatoes, Crockpot Meal With Potatoes, Easy Crockpot Meals With Potatoes, Crockpot Recipes Chicken And Potatoes",https://i.pinimg.com/736x/54/a7/ff/54a7ffc34d08b733a44302af187c4270.jpg,https://app.pinclicks.com/accounts/effiemink/boards/2046326,https://app.pinclicks.com/accounts/effiemink,"Savor the rich and creamy flavors of this Garlic Parmesan Crockpot Chicken and Potatoes recipe that’s perfect for busy weeknights. Tender chicken breasts cook slowly in a savory garlic and Parmesan sauce, infused with herbs, creating a mouthwatering dish that's paired beautifully with hearty potatoes. Effortless and delicious, this recipe will quickly become a favorite in your home!"
1196337404930381,One Pot Creamy Garlic Pasta,https://www.pinterest.com/pin/1196337404930381,47,57900,60,1,"oct. 3, 2025",79,25033,1274,"Easy Dinner To Make, Easy Pasta Dishes For Dinner, Picky Dinner Ideas, Good Recipes Easy, Easy Dinner Meals For Family, Simple Garlic Pasta, Dinner For One Ideas, Girl Dinner Recipes, Pasta Recipes Cheesy",https://i.pinimg.com/736x/6d/f1/51/6df1518237cb9d5fca3166919ec4a693.jpg,https://app.pinclicks.com/accounts/michelle321lynn/boards/32180897,https://app.pinclicks.com/accounts/michelle321lynn,"This One Pot Creamy Garlic Pasta is the ultimate 20-minute comfort food dinner. Made in a single pan with garlic, milk, and Parmesan cheese, it’s rich, creamy, and incredibly easy.

Whether you're cooking for your family or need a quick solo dinner, this pasta hits the spot with minimal effort and cleanup."
211174979105077,Easy French Dip Sliders Recipe for Dinner or a Party!,https://www.pinterest.com/pin/211174979105077,35,58624,32,1,"Feb 13, 2026",50,3874,282,"Dip Sandwiches French, French Dip Sliders Hawaiian Rolls, Recipe For French Dip Sliders, Slider French Dip, French Dip Sandwich Ideas, French Dip Slider, French Dip Sliders Recipes, Best French Dip Sliders, Easy French Dip Sliders",https://i.pinimg.com/736x/e5/8a/c3/e58ac33a7a5d346c822ba3764ac8add4.jpg,https://app.pinclicks.com/accounts/cmconb01/boards/2555960,https://app.pinclicks.com/accounts/cmconb01,"French dip sliders are an easy appetizer, lunch, or dinner the whole family will enjoy. Easy ingredients help this come together and make them irresistible. With roast beef, slider buns, caramelized onions, and more, these sliders are literally over the top with flavor. These tasty sliders are perfect for game day, simple lunches, dinners, and parties!"
211174978538408,"Refreshing Cucumber Dill Salad Recipe | Cucumber dill salad in bowl, Easy summer salad ideas, Fresh cucumber salad recipe",https://www.pinterest.com/pin/211174978538408,30,43613,87,1,"Aug 3, 2025",38,9808,95,"Cucumber Dill Salad In Bowl, Easy Summer Salad Ideas, Fresh Cucumber Salad Recipe, Healthy Dill Salad Dish, Quick Lunch Salad Recipes, Healthy Recipes With Dill, Cucumber And Dill Recipes, Cucumber With Dill, Summer Cucumber Tuna Dish",https://i.pinimg.com/736x/13/d6/03/13d603b369d28139b20631be41afedcb.jpg,https://app.pinclicks.com/accounts/julieann628/boards/2859458,https://app.pinclicks.com/accounts/julieann628, 
68748277216,Delicious Philly Cheese Steak Pasta Recipe for Family Dinners,https://www.pinterest.com/pin/68748277216,27,37284,92,1,"Dec 5, 2024",90,9580,1001,"Steak And Cheese Pasta, Philly Cheese Pasta Recipes, Cheese Steak Pasta Recipes, Kilbasa Sausage Mac And Cheese, Philly Cheese Steak Pasta Recipes, Cheesesteak Pasta Dinner Idea, Cheesy Kielbasa Pasta Casserole, Philly Cheese Pasta, Philly Steak Pasta",https://i.pinimg.com/736x/03/8f/8d/038f8d313ecd146333e80836fb8091e6.jpg,https://app.pinclicks.com/accounts/jscudder13/boards/2127891,https://app.pinclicks.com/accounts/jscudder13,"Looking for a hearty and flavorful dinner idea? This Philly Cheese Steak Pasta combines the iconic flavors of a Philly cheesesteak with creamy pasta. Perfect for a family meal, it's easy to make and guaranteed to please. Try this delicious recipe tonight!"
68749517497,Cheesy Hamburger Potato Casserole,https://www.pinterest.com/pin/68749517497,23,24658,26,1,"nov. 14, 2025",25,15799,244,"Easy Hamburger Potato Dinner, Beef Casserole Recipes, Dinner Recipes With Ground Beef And Potatoes, Recipes With Potatoes And Hamburger, Dinner Ideas With Ground Beef And Potato, Recipes With Ground Beef And Potatoes, Hamburger And Potato, Easy Hamburger And Potato Recipes, Ground Beef Casserole",https://i.pinimg.com/736x/15/00/b2/1500b2e6ac8078edb13f1ebecec406d2.jpg,https://app.pinclicks.com/accounts/sharlene03/boards/2514589,https://app.pinclicks.com/accounts/sharlene03,"Hearty, comforting, and loaded with flavor—this Cheesy Hamburger Potato Casserole is the ultimate family dinner! Layers of tender potatoes, seasoned ground beef, and melty cheese baked to golden perfection. 🧀🥔🍔  #ComfortFood #EasyDinner #FamilyMeals #CheesyGoodness #CasseroleLove #WeeknightDinner"
68749566503,✨ Easy & Fluffy Pancake Recipe 🥞 | Quick Homemade Breakfast,https://www.pinterest.com/pin/68749566503,19,18490,34,1,"Dec 1, 2025",207,13689,2087,"Simple And Easy Pancakes, Food To Make At Home, How To Make Pancakes For Kids, Recipe For Making Pancakes, Single Serving Pancake Recipe, Pancakes Recipe Homemade, Small Pancake Recipe, How To Make Pancake, Home Made Pancakes",https://i.pinimg.com/736x/f7/d7/37/f7d73727ce20fb856a61baf0ed30f5cd.jpg,https://app.pinclicks.com/accounts/drdahl/boards/2541909,https://app.pinclicks.com/accounts/drdahl,"Make the best fluffy pancakes at home with this easy pancake recipe! 🥞✨ With simple ingredients like flour, milk, egg, and butter, you can whip up a delicious homemade breakfast in just minutes. Perfect for busy mornings, brunch, or when you’re craving something sweet and tasty. Save this pin for your next quick and easy breakfast idea! 🍯💛   #EasyPancakes #FluffyPancakes #BreakfastIdeas #QuickRecipes #HomemadePancakes #BrunchGoals"
68749521051,Easy Chow Mein Recipe | Better Than Takeout Noodles,https://www.pinterest.com/pin/68749521051,19,19379,37,1,"nov. 15, 2025",8,14194,182,"Easy Chow Mein Recipe, Mapo Tofu, Chinese Cooking Recipes, Chow Mein, Petite Cuisine, Chinese Cooking, Asian Dishes, 30 Minute Meals, Vegetarische Rezepte",https://i.pinimg.com/736x/42/55/aa/4255aa0acd0c44f5f9e3024d23bcfdcf.jpg,https://app.pinclicks.com/accounts/HyunjinsSecretLover143/boards/2861237,https://app.pinclicks.com/accounts/HyunjinsSecretLover143,"Whip up this classic Chinese chow mein at home in just 15 minutes! Tender noodles are stir-fried with crisp vegetables, savory soy sauce, garlic, and ginger for that authentic takeout flavor you love.  ​  ​This quick and easy chow mein recipe is perfect for weeknight dinners, meal prep, or serving alongside your favorite Asian dishes like orange chicken or beef and broccoli. Skip the takeout line and enjoy a fresh, flavorful, and customizable stir-fry that the whole family will love!"
7951736838292262,🍫Easy Fudgy Brownie Recipe | Quick Homemade Chocolate Brownies,https://www.pinterest.com/pin/7951736838292262,17,21679,59,1,"Jan 9, 2026",168,6624,1839,"Cooking Ideas Recipes, Simple Bake Recipes, Different Recipes Ideas, Brownie Reciepe, Recipes Brownies, What To Bake Easy, Brownie Easy Recipe, Cake Easy Recipe, Cake Recipes Homemade",https://i.pinimg.com/736x/7c/17/2e/7c172ecce13659d2fa577751debbae00.jpg,https://app.pinclicks.com/accounts/julianastips/boards/37200552,https://app.pinclicks.com/accounts/julianastips,"Craving rich, fudgy, melt-in-your-mouth brownies? 🍫✨ This easy homemade brownie recipe uses simple ingredients like butter, cocoa, sugar, and eggs—ready in just 30 minutes! Perfect for beginners or anyone wanting the best chewy, chocolate brownies without a boxed mix. These brownies have crackly tops, gooey centers, and a delicious chocolate flavor everyone will love. Pin now to bake later!"
9288742976717745,"Creamy Chicken Fettuccine Alfredo | Cooking recipes for dinner, Yummy pasta recipes, Interesting food recipes",https://www.pinterest.com/pin/9288742976717745,17,19305,77,1,"Apr 18, 2025",72,8920,2026,"Cooking Recipes For Dinner, Chicken Fettuccine, Yummy Pasta Recipes, Quick Cooking Recipes, Fettuccine Alfredo, Tasty Pasta, Tasty Recipes Videos, Easy Cooking Recipes, Food Videos Cooking",https://i.pinimg.com/736x/bc/a4/66/bca466b4470fc6e2dcbfb979a8889410.jpg,https://app.pinclicks.com/accounts/jmeade22/boards/11431174,https://app.pinclicks.com/accounts/jmeade22, 
70437490977615,Honey Garlic Ground Turkey Recipe,https://www.pinterest.com/pin/70437490977615,16,19966,74,1,"Jan 13, 2026",26,8017,194,"Recipes With Ground Turkey And Rice, Things To Do With Ground Turkey, Easy Meals With Ground Turkey, Turkey Dinners, Ground Turkey Noodle Recipes, Ground Turkey With Rice Recipes, Ground Turkey Lunch Recipes, Healthy Dinner Recipes Ground Turkey, Ground Turkey Rice Noodles",https://i.pinimg.com/736x/e6/d4/49/e6d449b44b2a66bd3b7d8f1b81e830d7.jpg,https://app.pinclicks.com/accounts/anjel596/boards/2145720,https://app.pinclicks.com/accounts/anjel596,"This Honey Garlic Ground Turkey recipe transforms simple ingredients into a sweet and savory meal everyone will love. The ground turkey is cooked in a sticky garlic sauce and served with rice or noodles for an easy, protein-packed dinner. It’s flavorful, quick, and perfect for busy weeknights when you want something delicious and satisfying."
1407443630917007,Garlic butter chicken wraps 🫶🏻,https://www.pinterest.com/pin/1407443630917007,15,23345,20,1,"May 11, 2026",0,1604,1663,"Quick Delicious Recipes, Dinner Cheap Ideas, Recipes For Dinner For Family, Easy Dinner Food Recipes, Food Recipes For Family, Healthy Meals To Make At Home, Cheesy Food Ideas, Interesting Meal Ideas, Recipes For Tortillas",https://i.pinimg.com/736x/6d/f1/2b/6df12bda1f6105213816f7d0c8d46be3.jpg,https://app.pinclicks.com/accounts/CassieKat17/boards/3502427,https://app.pinclicks.com/accounts/CassieKat17, 
492649953772265,Baked Orange Chicken made with Panda Express Orange Chicken Copycat Sauce with an easy baked recipe ,https://www.pinterest.com/pin/492649953772265,15,20052,69,1,"Feb 28, 2025",5,7552,152,"Homemade Meals For Dinner, Popular Dinner Meals, Comfort Meals Easy, Homemade Supper Ideas, Recipes Without Chicken, Cheap Recipes For Dinner Families, Fun Easy Dinner Ideas, Healthy Dinner Recipes Quick, Healthyish Dinner Recipes",https://i.pinimg.com/736x/36/47/60/3647601ed812491bff93d31ee27da90f.jpg,https://app.pinclicks.com/accounts/patricia_kirche/boards/1547181,https://app.pinclicks.com/accounts/patricia_kirche,Baked Orange Chicken made with Panda Express Orange Chicken Copycat Sauce with an easy baked recipe that’s easier and healthier than frying in 30 minutes!
70437490593344,Cheesy Meatball Subs,https://www.pinterest.com/pin/70437490593344,15,15718,88,1,"Sep 8, 2025",15,10652,145,"Dinner Ideas Not Pasta, Good Dinners To Make, Meals For Dinner Ideas, Non Pasta Dinners, New Meals To Try Dinners, Food Recipes For One, Dinner Recipes No Pasta, Sub Ideas Dinner, Fun And Easy Dinner Recipes",https://i.pinimg.com/736x/6b/10/f4/6b10f4ba31a6079f5d2f46ba25683ec8.jpg,https://app.pinclicks.com/accounts/afulwider/boards/2569441,https://app.pinclicks.com/accounts/afulwider,"These Cheesy Meatball Subs are the ultimate comfort food, filled with tender homemade meatballs, rich marinara, and gooey melted cheese, all nestled in a toasted hoagie roll. Easy enough for weeknight dinners and impressive enough for game day or gatherings, this Italian-American favorite is hearty, satisfying, and completely customizable."
515310382382387103,"5-Ingredient Beef Enchiladas | Recipe | Fun meals for dinner, Good family dinner ideas, Simple weeknight dinners families",https://www.pinterest.com/pin/515310382382387103,14,24591,23,,"Mar 26, 2025",0,311,246,"Dinner Quick, Easy Dinner Recipes With Beef, Dinners To Make With Ground Beef, Easy Dinner Ideas For One, Cheap Dinners For A Family Easy, Good Easy Dinners, Meal Ideas Beef, Easy Dinner Ideas For Family Of 4, Cheap Dinners For 2",https://i.pinimg.com/736x/7a/12/b9/7a12b912cab8766a7cbf45820c339eab.jpg,https://app.pinclicks.com/accounts/geraldgrothey/boards/52771942,https://app.pinclicks.com/accounts/geraldgrothey,5 Ingredient Beef Enchiladas
492649955023480,Cheesy Oven-Crispy Chicken Bacon Ranch Tacos (Easy Baked Dinner),https://www.pinterest.com/pin/492649955023480,13,17576,9,1,"May 17, 2026",9,6042,209,"Summer Meals For Family, Dinner Ideas Not Pasta, Oven Recipes Easy, Fun Summer Dinners, Dinner Ideas No Pasta, Girl Dinner Recipes, Sports Night Dinners, Large Group Dinner Ideas, Summertime Dinners",https://i.pinimg.com/736x/be/78/57/be78576dda095afafe968693d8a7dd06.jpg,https://app.pinclicks.com/accounts/TZH0826/boards/2644671,https://app.pinclicks.com/accounts/TZH0826,"These cheesy oven-crispy chicken bacon ranch tacos are the ultimate easy dinner idea. Baked until golden and crunchy, they’re stuffed with tender chicken, crispy bacon, melty cheese, and ranch seasoning, then finished with a creamy drizzle. Perfect for busy weeknights, family dinners, or game day, these tacos are simple to prep and packed with flavor. Save this recipe for a quick oven-baked taco night everyone will love."
633387443970166,Savory Dumpling Ramen Bowl with Soft-Boiled Eggs and Fresh Greens,https://www.pinterest.com/pin/633387443970166,12,15783,61,1,"oct. 8, 2025",10,5654,178,"Dinner Ideas With Dumplings, Dumplings Dinner Ideas, Easy Healthy Weekend Dinner, Dumplings Meal, Dumpling Ramen Bowl, Meals With Dumplings, Dumpling Noodle Bowl, Dumplings And Noodles Meal, Healthy Dinner Ideas With Dumplings",https://i.pinimg.com/736x/42/27/a3/4227a3c1c1064ec24d766da5265f2be3.jpg,https://app.pinclicks.com/accounts/camknorr/boards/392961,https://app.pinclicks.com/accounts/camknorr,"This dumpling ramen bowl represents the perfect fusion of convenience and comfort. It's a meal that satisfies on every level - the tender dumplings provide substance, the soft eggs add richness, and the fresh greens bring balance. Whether you're craving something warming on a cold day or need a quick yet satisfying dinner, this recipe delivers restaurant-quality flavor right in your own kitchen. The beauty lies in its simplicity and the way each component complements the others perfectly."
422281211977070,Creamy Broccoli Cheddar Soup Recipe 🥦🧀,https://www.pinterest.com/pin/422281211977070,11,15952,33,1,"Aug 27, 2025",9,3573,239,"Great Food Recipes, Soup Dinner Ideas, Dinner Ideas Vegetarian, Supper Ideas Recipes, Simple Good Food Recipes, Cooking Dinner Recipes, Broccoli Cheddar Soup Vegetarian, Cozy Recipes, Creamy Soups",https://i.pinimg.com/736x/32/4e/b8/324eb8e607b98c863ca725c17c3f2339.jpg,https://app.pinclicks.com/accounts/michelleldg/boards/2533695,https://app.pinclicks.com/accounts/michelleldg,"Warm up with a bowl of this comforting Broccoli Cheddar Soup! Rich, creamy, and packed with flavor, it's the perfect dish for a cozy night in. Simple to make and absolutely delicious! 🍲💚 #BroccoliCheddarSoup #SoupSeason #ComfortFood #EasyRecipes #HealthyEating #Vegetarian #Yummy #Foodie #DinnerIdeas #HomeCooking"
985231165330428,Kielbasa Sausage Cheesy Potato Casserole,https://www.pinterest.com/pin/985231165330428,11,17082,55,1,"Feb 19, 2026",7,2380,155,"Kielbasa Recipes With Potatoes, Kielbasa Sausage And Potato Recipes, Recipes Using Sausage Kielbasa, Kielbasa Recipes Potatoes, Kielbasa With Cheese, Kielbasa Sausage Recipes For Dinner, Recipes With Kielbasa Sausage, Kielbasa And Cheese Bake, Cheesy Potato Kielbasa Casserole",https://i.pinimg.com/736x/4e/12/ef/4e12ef1731efb6d25dffc6e08cf2d6cb.jpg,https://app.pinclicks.com/accounts/cvitant/boards/471511,https://app.pinclicks.com/accounts/cvitant,"This Kielbasa Sausage Cheesy Potato Casserole is a hearty and flavorful dish—smoky kielbasa mixed with tender potatoes and plenty of gooey melted cheese, baked to golden perfection. An easy comfort food favorite for busy nights!"
4433299629802911,"Recette poulet roti | Recettes healthy rapide, Nourriture amusante",https://www.pinterest.com/pin/4433299629802911,10,17211,56,1,"Jul 26, 2025",41,376,253,"Butter Parmesan Chicken, Garlic Butter Chicken With Lemon Parmesan Pasta, Lemon Garlic Butter Chicken With Creamy Parmesan Pasta, Garlic Butter Chicken Parmesan Pasta, Parmesan Chicken Bites, Parmesan Chicken Bites Dinner, Garlic Butter Chicken Bites With Creamy Parmesan, Garlic Parmesan Chicken Bites, Garlic Butter Chicken Bites With Penne And Cheese",https://i.pinimg.com/736x/f1/d9/46/f1d94655b69b2b345e57bf6d0ed70489.jpg,https://app.pinclicks.com/accounts/lacymae26/boards/47150555,https://app.pinclicks.com/accounts/lacymae26, 
68750200983,Honey BBQ Chicken Rice That Is Irresistible Comfort Meal Flavorful,https://www.pinterest.com/pin/68750200983,9,15851,21,1,"Jul 2, 2026",7,634,130,"Dinner Ideas Not Pasta, Dinner Ideas No Dairy, Dinner Ideas No Pasta, Easy Summer Dinners For Families, Quick And Easy Dinner Ideas For Family, Few Ingredient Dinners, Dinners For Hot Days, Few Ingredients Recipes, Beach Meal Ideas",https://i.pinimg.com/736x/9e/15/b0/9e15b0538c888d4bb36a959f686b0455.jpg,https://app.pinclicks.com/accounts/jeannettedew/boards/2950557,https://app.pinclicks.com/accounts/jeannettedew,"Making a flavorful comfort meal just got simpler with this amazing One-Pan Honey BBQ Chicken Rice recipe. You get tender chicken coated in a bold sauce right in the same pan you cook your rice, meaning less cleaning later for you. This irresistible dish truly tastes better than restaurant quality and helps busy families get dinner done fast. See exactly how to mix the simple sauce ingredients and bake everything together perfectly. Save this for your next easy weeknight dinner idea; tap to learn more about this great recipe."
211174979445578,Loaded Potato Taco Bowl for easy dinners that actually feel satisfying 🍽️,https://www.pinterest.com/pin/211174979445578,9,10276,47,1,"Jun 11, 2026",1,6565,118,"Dinner Ideas With Potatoes, Potato Based Meals, Simple Dinner Ideas Easy, Cabin Meal Ideas, Potato Meals Dinners, Healthy Meals With Potatoes, Loaded Bowls, Taco Meal Ideas, Easy Dinner Recipes Potatoes",https://i.pinimg.com/736x/77/81/01/778101e86957033be02883fa12d6df20.jpg,https://app.pinclicks.com/accounts/faryn20/boards/70622,https://app.pinclicks.com/accounts/faryn20,"If taco night never feels filling enough, this loaded potato taco bowl is the fix. Crispy oven roasted potatoes bring a golden edge and fluffy middle, turning a basic Taco Bowl into something heartier, smoky, savory, and comforting. Great for easy dinners or loaded potato taco bowl meal prep, with boiling and air fryer potato options too. Add crushed tortilla chips or Fritos for extra crunch."
211174979421224,Best Southern Tomato Pie Recipe: Use Up Garden Tomatoes!,https://www.pinterest.com/pin/211174979421224,9,15374,95,1,"Jun 2, 2026",27,1123,103,"Tomato Pie Filling Recipe, Smoked Tomato Pie Recipe, Tomato Pie Recipe Southern, Best Tomato Pie Recipe, Classic Southern Tomato Pie, Southern Tomato Pie Recipe With Cream Cheese, Southern Tomato Slab Pie, Best Southern Tomato Pie, Southern Tomato Pie All Recipes",https://i.pinimg.com/736x/fc/10/e8/fc10e83ae674e9190bc7aa39b354dd54.jpg,https://app.pinclicks.com/accounts/krissyshell/boards/5812511,https://app.pinclicks.com/accounts/krissyshell,"Stop searching! This incredibly easy and authentic Southern Tomato Pie Recipe turns your bumper crop of garden tomatoes into the most flavorful, cheesy, savory comfort food. Imagine thick layers of ripe tomatoes nestled in a flaky crust with creamy goodness—perfect for potlucks or a light summer dinner. Learn the simple secrets to this beloved American classic that uses up all those juicy tomatoes! Click now for the full step-by-step guide and bake this delicious savory pie today!"
68749983266,Garlic Parmesan Roasted Zucchini – Crispy Healthy Side in 25 Mins,https://www.pinterest.com/pin/68749983266,8,8696,52,1,"Apr 14, 2026",20,5338,84,"Veggie Side Ideas, Heart Healthy Meals Easy, Easy Fresh Recipes, Lunch Sides Ideas, Easy Sides For Steak Dinner, Veggie Side Recipes, Pork Steak Sides, Vegetarian Bbq Side Dishes, Sides That Go With Wings",https://i.pinimg.com/736x/27/86/30/278630d122ce36a6ea075ab6957371e5.jpg,https://app.pinclicks.com/accounts/stephc1984/boards/1516719,https://app.pinclicks.com/accounts/stephc1984,"Garlic Parmesan Roasted Zucchini is the perfect quick and flavorful side dish—crispy on the edges, tender inside, and bursting with savory garlic and cheesy Parmesan goodness. Ready in just 25 minutes, this easy vegetarian and gluten-free recipe elevates zucchini into a crowd-pleasing veggie side that pairs beautifully with grilled meats, pasta, or grain bowls. With simple olive oil, fresh garlic, a sprinkle of black pepper, and Parmesan, it’s kitchen-friendly and meal-prep approved. Don’t miss your go-to veggie hack for busy weeknights—save this pin for healthy, irresistible inspiration! #RoastedZucchini #GarlicParmesan #HealthySides #QuickRecipes #VeggieLove"
70437491397278,"Recetas cenas rapidas | Comidas saludables baratas, Recetas saludables para el desayuno, O d",https://www.pinterest.com/pin/70437491397278,8,12597,63,1,"May 27, 2026",5,1369,251,"Cooking Tips For Potato Dishes, Easy Oven-baked Potato Dish, Easy Potato Sides, Recipes For Picky Eaters Adults, Easy Potato Side, Food To Make For Dinner, Easy Potato Cooking Tips, Crispy Potato Recipes, Potatoes Side Recipes",https://i.pinimg.com/736x/cf/20/d5/cf20d5036515e994bc87438ee1ce608d.jpg,https://app.pinclicks.com/accounts/arwen4006/boards/50630614,https://app.pinclicks.com/accounts/arwen4006, 
140806235149065,Samoas Pie,https://www.pinterest.com/pin/140806235149065,8,14260,82,1,"May 20, 2026",6,442,230,"Chocolate Coconut Dessert, Dessert Ideas For Parties, Homemade Samoa Pie Recipe, How To Make Samoa Pie, Samoas Pie With Chocolate Drizzle, 4h Baking Projects, All Deserts, Dessert Favorites, Dessert Night Ideas",https://i.pinimg.com/736x/c8/7f/bf/c87fbf4b0e2c739ccb9c1fb4485ac753.jpg,https://app.pinclicks.com/accounts/samanthag014/boards/38915967,https://app.pinclicks.com/accounts/samanthag014,"This Samoa pie recipe tastes even better than the Girl Scout cookies! There's no mixer required in this easy dessert idea. Layered with caramel sauce, chocolate, and shredded coconut, this giant cookie pie is a yummy treat! Put this on your list of things to bake!"
70437491190922,Olive Garden Chicken Gnocchi Soup Recipe,https://www.pinterest.com/pin/70437491190922,8,13599,91,1,"Mar 20, 2026",26,612,115,"Comfort Food Dinner Ideas, Creamy Chicken Gnocchi Soup, Easy Homemade Soup Recipe, How To Make Olive Garden Soup, Olive Garden Chicken Gnocchi Soup Recipe, Best Chicken Gnocchi Soup Recipe, Chicken Gnochi, Chicken Noodle Soup Olive Garden, Copycat Chicken Gnocchi",https://i.pinimg.com/736x/93/e7/34/93e734ce97b8652b0b48e08ee1394c76.jpg,https://app.pinclicks.com/accounts/dbutler1113/boards/3245994,https://app.pinclicks.com/accounts/dbutler1113,"If you love chicken and gnocchi soup at Olive Garden, you are going to LOVE LOVE LOVE this recipe. This homemade version tastes even better than the popular chain restaurant and comes together all in one pot in less than 30 minutes! It's filled with shredded chicken, pillowy gnocchi, and tender veggies in a super creamy, herb-filled broth."
70437491386008,Korean Cucumber Salad,https://www.pinterest.com/pin/70437491386008,7,10532,41,1,"May 23, 2026",11,2490,113,"Korean Cucumber Salad, Korean Cucumber, Spicy Cucumber Salad, Asian Cucumber Salad, Korean Side Dishes, Cucumber Recipes, Low Carb Lunch, Cucumber Recipes Salad, Recette Santé",https://i.pinimg.com/736x/84/e4/69/84e469afd32dfca604fc160e5a464208.jpg,https://app.pinclicks.com/accounts/lmbrookins/boards/2496037,https://app.pinclicks.com/accounts/lmbrookins, 
492649955075834,chocolate dipped strawberry muffins,https://www.pinterest.com/pin/492649955075834,7,10245,96,1,"Jun 8, 2026",35,1454,587,"Dessert Ideas To Make At Home, Simple Baking Recipes For Beginners, Strawberry Chocolate Muffin, Dessert Ideas With Strawberries, Sweet Things To Cook, Baking Recipes Easy Dessert, Small Treats To Make, Strawberry Things To Bake, Things To Bake In The Summer",https://i.pinimg.com/736x/39/3d/9c/393d9cfd8f4581f9013a3b90741a1960.jpg,https://app.pinclicks.com/accounts/angelazainea/boards/7629316,https://app.pinclicks.com/accounts/angelazainea,"Chocolate Dipped Strawberry Muffins, desserts, baking inspo, dessert cups, pastel baking tools, fancy desserts, cozy baking, chocolate desserts, dessert boxes, baketok, sweet treats, layered desserts, viral baketok recipes, baking from scratch, fruit desserts, cookies and cakes, no-bake desserts, baking therapy, dessert table ideas, mini desserts, dessert recipes, aesthetic baking videos, homemade sweets, individual desserts, baking aesthetic, home baking, trending desserts, dessert baking, creative bakes, baking ideas, dessert ideas for parties, trending baketok treats, aesthetic dessert photos"
68750031217,Creamy Baked Macaroni and Cheese,https://www.pinterest.com/pin/68750031217,6,9875,25,1,"May 1, 2026",4,1711,77,"Penne Mac And Cheese Recipe, Small Mac And Cheese, Baked Mac And Cheese Recipe For A Crowd, Macaroni Cheese Casserole, Bake Macaroni And Cheese, Baked Mac And Cheese Recipe Easy Evaporated Milk, Macaroni And Cheese Casserole Baked, Mac And Cheese Recipe Large Crowd, Imperial Cheese Recipes",https://i.pinimg.com/736x/99/e2/47/99e2477793ed1c0710c1618427f543de.jpg,https://app.pinclicks.com/accounts/emafra625/boards/1564646,https://app.pinclicks.com/accounts/emafra625,"This Creamy Baked Macaroni and Cheese is the ultimate comfort food! Made with tender pasta and a rich, velvety cheese sauce, then baked with a golden, bubbly topping, it’s a cozy classic that’s perfect as a side dish or main course. Ideal for holidays, weeknight dinners, or whenever you need a cheesy fix!"
70437490402601,Homemade Apple Cobbler Recipe from The Food Charlatan.,https://www.pinterest.com/pin/70437490402601,6,10697,83,1,"Jul 16, 2025",26,538,77,"Apple Cobbler Dessert, Apple Cobbler Recipe Easy, Best Apple Cobbler Recipe, Homemade Apple Cobbler, How To Make Apple Cobbler, Apple Cobbler From Scratch, Apple Cobbler Easy Homemade, Apple Cobbler Filling Recipe, Apple Cobbler Crisp Recipe Bisquick",https://i.pinimg.com/736x/4e/10/8e/4e108e9b713afa28ec7ea98be5b30e48.jpg,https://app.pinclicks.com/accounts/bwynn28/boards/2602853,https://app.pinclicks.com/accounts/bwynn28,"Easy Homemade Apple Cobbler from The Food Charlatan. This is Apple Crisp's more sophisticated, cooler cousin. Perfectly spiced apples are topped with a biscuity cake-like topping, made with buttermilk. It is tender and moist, with a perfect golden crunch on the top edge of the cobbler. There is no better way to use a fresh bushel of apples! This is a great dessert to feed a crowd. Can be made during any season! Try it for Easter, 4th of July, Summer BBQs, Thanksgiving, Fall baking, or ..."
211174979139454,Beef and Cheese Chimichangas Recipe,https://www.pinterest.com/pin/211174979139454,5,7519,5,1,"Feb 24, 2026",1,2164,63,"Beef And Cheese Chimichangas, Savory Beef And Cheese Chimichanga, Quick Beef Chimichanga Dish, How To Make Beef Chimichangas, Oven-fried Beef Chimichangas Recipe, Mexican Beef Chimichanga, Crispy Beef And Cheese Chimichangas, Cheesy Chimichanga Close-up, Beef And Queso Chimichangas",https://i.pinimg.com/736x/28/60/39/286039b1f83e7b6ade6bf88a7dcb8651.jpg,https://app.pinclicks.com/accounts/rupeam/boards/9136445,https://app.pinclicks.com/accounts/rupeam,Beef and Cheese Chimichangas
70437491388457,High Protein Taco Pasta (36g per serving),https://www.pinterest.com/pin/70437491388457,5,7691,66,1,"May 24, 2026",1,609,43,"Healthy To Go Dinner Ideas, Protein Main Dish, Friday Dinner Ideas Easy Healthy, Mealprep Dinner Ideas, Easy Meals To Meal Prep, Protein Meals Meal Prep, Easy Dinners On The Go, High Protein Taco Mac, Easy Semi Healthy Dinners",https://i.pinimg.com/736x/4d/5a/5c/4d5a5ce34ba8860248c4e9a7ffa807b0.jpg,https://app.pinclicks.com/accounts/carterhoop25/boards/48476307,https://app.pinclicks.com/accounts/carterhoop25,"High Protein Taco Pasta (36g per serving) is the best one pan dinner! Healthy, cheesy, and delicious, this recipe for taco pasta is great for a quick 30 minute dinner."
1055599909434796,Cheesy Taco Potatoes,https://www.pinterest.com/pin/1055599909434796,4,4634,14,1,"May 19, 2026",0,1843,73,"Sides For Taco Party, Fast Recipes For Kids, Taco Bowl Sides, Easy Potato Meals Dinners, Easy Meals Potatoes, Quick And Delicious Recipes, Main Dishes For Parties, Hot Potato Dishes, Creative Supper Ideas",https://i.pinimg.com/736x/d6/73/0c/d6730c854f6666f8402ed7ad080d276c.jpg,https://app.pinclicks.com/accounts/KimMichelleS28/boards/6007490,https://app.pinclicks.com/accounts/KimMichelleS28,"This Cheesy Taco Potatoes recipe is a hearty, flavor-packed dish—crispy potatoes topped with seasoned taco beef, gooey melted cheese, and your favorite toppings for a fun and easy dinner or party appetizer!"
351912466557082,Chocolate Chip Cookie Cheesecake Bars,https://www.pinterest.com/pin/351912466557082,4,5084,43,1,"Jul 26, 2025",3,2645,77,"Fun Family Dessert Ideas, Shareable Foods, Dessert For Party Easy, Desserts With Cookie Dough, Chocolate Chip Cheesecake Recipe, Easy Desserts Cookies, Chocolate Chip Cookie Desserts Ideas, Recipes For Him, Hangout Food Ideas",https://i.pinimg.com/736x/20/10/18/201018c7be427086d332a189f26ba642.jpg,https://app.pinclicks.com/accounts/arianans41/boards/2468509,https://app.pinclicks.com/accounts/arianans41,Satisfy all your cravings with this easy recipe! Chocolate chip cookies stuffed with cheesecake what could be better? #chocolatechipcookies #kippiathome
351912466900601,Make Amazing Shrimp and Crab Alfredo Lasagna Roll-Ups,https://www.pinterest.com/pin/351912466900601,4,4026,57,1,"nov. 20, 2025",0,3042,62,"Amazing Easy Dinners, Seafood Recioes, New Dinner Ideas Families Main Dishes, Easy Comfort Recipes, Yummy Shrimp Recipes Dinners, Simple Gourmet Recipes, Best Family Dinners, Shrimp Alfredo Sides, Recipes For Shrimp Easy",https://i.pinimg.com/736x/2c/7e/50/2c7e50f3e9e794f92d7a558ec29a68bd.jpg,https://app.pinclicks.com/accounts/sportmuffin/boards/16997269,https://app.pinclicks.com/accounts/sportmuffin,"You definitely need to try these rich shrimp and crab alfredo lasagna roll-ups for your next special meal. This recipe makes comfort food feel truly gourmet when you combine tender pasta, creamy sauce, and sweet seafood. Imagine serving this beautiful dish and getting rave reviews from everyone eating it. It is simpler than you think to create a truly satisfying pasta experience that stands out from your regular weeknight dinners. Find out how easy it is to assemble these amazing seafood roll-ups for a memorable meal you will want to make again and again. Save this for later"
703756187579321,Creamy Pesto Pasta (30-Minute Meal!),https://www.pinterest.com/pin/703756187579321,4,5951,75,1,"Sep 30, 2024",25,262,62,"Pesto Recipe Creamy, Best Pesto Pasta Recipe, Pesto Cream Sauce Pasta, Cheesy Pesto Pasta, Creamy Pesto Sauce Recipe, Pesto Recipe Pasta, Sausage And Pesto Pasta, Creamy Pesto Pasta Sauce, Creamy Pesto Pasta Without Cream",https://i.pinimg.com/736x/bd/fa/9f/bdfa9f0800350d4b8b0be0da9b9163a6.jpg,https://app.pinclicks.com/accounts/rduchene/boards/4846516,https://app.pinclicks.com/accounts/rduchene,"This creamy pesto pasta is perfect for busy weeknights, it comes together in 30 minutes and is creamy, herby, savory, and delicious."
563018699837372,Cookies & cream cookies,https://www.pinterest.com/pin/563018699837372,4,5809,81,1,"Jul 3, 2026",9,116,458,"Cooking Ideas Desserts, Flavored Cookie Recipes, Cookies N Cream Cookies Recipes, Food Ideas With Recipes, Favorite Dessert, Thank You Desserts, Jellycat Cookie, Cookies Recipes Homemade, Oreo Cookies Recipe",https://i.pinimg.com/736x/35/35/4c/35354ca869db3d5fe3cb7dd92bd3e4dc.jpg,https://app.pinclicks.com/accounts/authentichutch/boards/53080780,https://app.pinclicks.com/accounts/authentichutch,"cookies & cream cookies, cookies and cream cookies, oreo cookies, oreo stuffed cookies, chocolate cookies, soft baked cookies, chewy cookies, homemade cookies, bakery style cookies, indulgent desserts, sweet treats, baking inspo, baketok recipes, viral cookies, easy dessert recipe"
6403624466738026,"A special dinner indoors....simple but effective foods... [Video] | Taco meat filling, Taco filling for street tacos, Crispy beef street tacos with ground beef",https://www.pinterest.com/pin/6403624466738026,4,4654,86,1,"Jun 4, 2026",12,2401,506,"Food Recipe Dinner, Food To Eat For Dinner, Movie Night Meal Ideas, Food To Make At Home For Dinner, Things To Have For Dinner, Beginner Meals, Recipe Ideas Video, Things To Cook At Home, Easy Dinner To Make",https://i.pinimg.com/736x/de/ce/47/dece472499859d9b7c0d1ad2ad7be513.jpg,https://app.pinclicks.com/accounts/michellechristensen1417/boards/5057757,https://app.pinclicks.com/accounts/michellechristensen1417,A special dinner indoors....simple but effective foods...
844493676836391,Creamy Spicy Buffalo Chicken Pasta Simple One-Pot Comfort Food Recipe,https://www.pinterest.com/pin/844493676836391,3,5342,7,1,"Jun 25, 2026",2,597,103,"Easy Stuff To Make For Dinner, Really Easy Dinner, Dinner Ideas For 7 People, Dinner Ideas For 3 Adults, Comfort Meal Ideas, What To Make With Chicken Breast Easy, Chicken Meal Ideas Healthy, Small Dinner Recipes, Simple Pasta Dinner Recipes",https://i.pinimg.com/736x/ea/1d/81/ea1d81fc52396087567b80ca1c93995c.jpg,https://app.pinclicks.com/accounts/mandypigg/boards/1460039,https://app.pinclicks.com/accounts/mandypigg,"Making creamy spicy buffalo chicken pasta is simpler than you think when you use this easy one-pot method. You get incredibly rich flavor without all the dirty dishes, which is perfect for busy weeknights when you need satisfying comfort food fast. This recipe shows you how to bring the heat and creaminess together in a single pot for maximum enjoyment and minimal cleanup. Get ready for your new favorite weeknight meal everyone will ask for again. Save this for later"
70437491432572,Irresistible Cinnamon Sugar Biscuit Bites For Families,https://www.pinterest.com/pin/70437491432572,3,4421,31,1,"Jun 9, 2026",5,1494,78,"Easy Home Desserts, Stuff To Bring To A Potluck, Easy Snack To Bring To Party, Easy Bake Sweets, Food To Make With Little Ingredients, Not Sweet Desserts, Quick Easy Treats To Make At Home, Snacks For Get Togethers, Baked Goods That Dont Need Refrigeration",https://i.pinimg.com/736x/1b/a6/a2/1ba6a296588563e0ec294de901955c44.jpg,https://app.pinclicks.com/accounts/linds0023/boards/55247,https://app.pinclicks.com/accounts/linds0023,"These indulgent cinnamon sugar biscuit bites are truly easy family recipes that everyone will ask for again. You need simple, sweet treats that come together quickly for your next snack time or dessert. Learning how to make these treats proves you can create something special without spending hours in the kitchen. These are the irresistible cinnamon sugar biscuit bites you’ve been searching for. Save this for later"
914862422283280,Crab Rangoon Egg Rolls,https://www.pinterest.com/pin/914862422283280,3,4583,38,1,"Jun 9, 2026",2,317,53,"Crab Lo Mein, Crab Rangoon Egg Roll, Recipes Using Crab, Japanese Rolls, Homemade Egg Rolls Recipe, Filling Finger Foods, Non Traditional Egg Rolls, Egg Roll Ideas Appetizers, Eggroll Recipes Easy",https://i.pinimg.com/736x/d2/3a/49/d23a49abe8131f80a2a70af2eed49170.jpg,https://app.pinclicks.com/accounts/ktr3/boards/51334599,https://app.pinclicks.com/accounts/ktr3,"If you're a fan of creamy crab rangoon from your favorite takeout spot, you're going to fall in love with this twist — Crab Rangoon Egg Rolls! These golden, crispy rolls are stuffed with a luscious crab and cream cheese filling, then deep-fried (or air-fried!) to crunchy perfection. They’re the perfect party appetizer, game day snack, or indulgent treat when you’re craving something bold and delicious."
140806235222815,Easy Bang Bang Chicken Skewers Recipe – Spicy & Flavorful!,https://www.pinterest.com/pin/140806235222815,3,3436,40,1,"Jun 17, 2026",0,1530,19,"Easy Dinner Ideas On The Grill, Dinner Ideas Make Ahead, Dinner Ideas Bbq, Skewer Dinner Ideas, Easy Bbq Dinner, Chicken Scewers, What To Grill For Dinner Summer, What To Make With Grilled Chicken, Healthy Dinner Blackstone",https://i.pinimg.com/736x/e3/2f/58/e32f58f5af849b70deb06f4e32218b3c.jpg,https://app.pinclicks.com/accounts/amoreenab/boards/12796653,https://app.pinclicks.com/accounts/amoreenab,"Spice up your BBQ with these flavorful Bang Bang Chicken Skewers! Juicy chicken pieces are marinated in a zesty sauce that combines sweet, tangy, and a hint of heat. Perfect for summer gatherings or a cozy dinner night, these skewers are sure to impress. Save this recipe for your next cookout and enjoy a delicious bite full of vibrant flavors!"
492649954579935,"30 Examples Of Hospital Food From Various Places Around The World, As Shared By Folks Online | Quick and easy dinner recipes chicken tenders, Dinner using chicken tenderloins, What can i make with chicken tenders",https://www.pinterest.com/pin/492649954579935,3,5217,44,1,"nov. 27, 2025",3,443,59,"Easy Dinner Meals Families, Recipe With Chicken Tenders, Easiest Meals, Dinner Idea With Chicken, Fun Supper Ideas, Dinner Meals With Chicken, Dinner Using Chicken Tenderloins, Dinner With Chicken Tenderloins, What Can I Make With Chicken Tenders",https://i.pinimg.com/736x/a7/13/fb/a713fb8e166a6ce6417c16cbf0f257b8.jpg,https://app.pinclicks.com/accounts/jillseidelman/boards/239250,https://app.pinclicks.com/accounts/jillseidelman, 
914862422339012,Does a Creamy Rigatoni with Italian Sausage Sound Like Your Next Dinner?,https://www.pinterest.com/pin/914862422339012,3,5023,62,1,"Jul 1, 2026",5,422,49,"Dinners With Breakfast Sausage, East Week Night Dinners, Savory Pasta Recipes, Sausage Main Dishes, Ground Italian Sausage Dinner Ideas, Easy Pasta Dinner Ideas, Things To Make With Polish Sausage, Meals With Sausage Patties, Easy Pasta Dishes For Dinner",https://i.pinimg.com/736x/3d/ae/db/3daedb84fa97537763aa41fa29d58d8e.jpg,https://app.pinclicks.com/accounts/katielove4/boards/32729270,https://app.pinclicks.com/accounts/katielove4,Looking for a weeknight dinner that feels like a warm hug? This creamy Italian sausage rigatoni recipe brings rich flavors to your table with simple steps. You can make a satisfying meal that your whole family will ask for again. The sauce coats every piece of pasta perfectly. Save this for a night you need comfort food that feels special. Tap to learn more. #CreamyItalianSausageRigatoni #ComfortFoodDinner #EasyPastaRecipe
68750127359,Cucumber Tomato Salad,https://www.pinterest.com/pin/68750127359,3,3470,79,1,"Jun 5, 2026",0,2635,15,"Cucumber Tomato Salad Vinegar, Cucumber And Tomato Salad With Vinegar, How To Make Marinated Cucumber And Tomato Salad, Marinated Cucumber And Tomato Salad, Fresh Cucumbers For Salad, Fresh Vegetable Salad With Tomatoes, Balsamic Cucumber Tomato Salad, Simple Cucumber Tomato Dish, Red Tomatoes For Salad",https://i.pinimg.com/736x/a1/fe/38/a1fe3836570b32d47af6be6a79b97838.jpg,https://app.pinclicks.com/accounts/thayers/boards/51326495,https://app.pinclicks.com/accounts/thayers,"This Cucumber Tomato Salad is a fresh, vibrant side dish that comes together in minutes! Crisp cucumbers and juicy tomatoes are tossed with onions, herbs, and a light, tangy dressing for the perfect refreshing bite. Simple, colorful, and bursting with garden-fresh flavor — it’s ideal for summer meals, potlucks, or pairing with your favorite grilled dishes."
1618549864937051,"Man Warns About 4 Toxic Items In Your Kitchen That Are Actually Harmful And Their Substitutes | Dinner recipes pork chops, Fast cheap dinner ideas, Easy bone in pork chop recipes",https://www.pinterest.com/pin/1618549864937051,3,4868,84,1,"Jan 25, 2026",2,13,73,"Recipes For Boneless Pork Chops, Pork Loin Chop, Fast Cheap Dinner Ideas, Meals With Pork Chops, Pork Chop Marinade For Oven, Porkchops Dinner Ideas Oven, Dinner Recipes Pork Chops, Easy Bone In Pork Chop Recipes, Pork Chops In The Oven Boneless",https://i.pinimg.com/736x/81/a0/30/81a030c9dac82e05fd942fd92844f23c.jpg,https://app.pinclicks.com/accounts/barbie718/boards/5080057,https://app.pinclicks.com/accounts/barbie718, 
2040762329588026,Garlic Bread Chicken Caesar Salad Subs,https://www.pinterest.com/pin/2040762329588026,2,2783,1,1,"Jul 3, 2026",0,454,21,"Easy Meals To Make, Food Ideas, Easy Lunch Ideas, Chicken Caesar Sandwich, Easy Sandwich Recipes, Hoagie Rolls, Savory Dinner, Chicken Caesar Salad, Simple Sandwiches",https://i.pinimg.com/736x/fb/c4/6a/fbc46a9d6f98b37b1fad28c1dbc103e1.jpg,https://app.pinclicks.com/accounts/torimueller87/boards/15490921,https://app.pinclicks.com/accounts/torimueller87,"Chicken Caesar Sandwiches are loaded with crispy chicken cutlets, homemade Caesar salad, Parmesan cheese, and buttery toasted hoagie rolls. The combination of crunchy, creamy, and savory flavors makes this easy sandwich recipe a family favorite for lunch or dinner. If you love Caesar salad and crave a satisfying handheld meal, save this recipe and click through for the step-by-step instructions."
422281212346060,Ultimate Loaded Beef and Cheese Burritos with Melted Cheddar and Creamy Sauce,https://www.pinterest.com/pin/422281212346060,2,3211,29,1,"Dec 28, 2025",8,648,53,"Beef Burrito Recipe, Ground Beef Burritos, Beef Dishes, Fast Dinners, Mexican Food Recipes, Fajitas, Burritos, Fajitas, Burritos Recipe",https://i.pinimg.com/736x/7a/27/e7/7a27e722e60a62f6cd24da0f52e112fd.jpg,https://app.pinclicks.com/accounts/eviekt/boards/228719,https://app.pinclicks.com/accounts/eviekt,"These ultimate beef and cheese burritos are the perfect comfort food that brings together all the flavors you crave. The combination of seasoned ground beef, melted cheddar, and creamy sauce wrapped in a perfectly toasted tortilla creates a satisfying meal that's both hearty and delicious. Whether you're feeding a hungry family or treating yourself to something special, these burritos deliver restaurant-quality taste right from your home kitchen. The beauty of this recipe lies in its simplicity and the incredible flavor payoff."
70437490875014,Crispy German Potato Pancakes Recipe,https://www.pinterest.com/pin/70437490875014,2,3071,42,1,"Dec 10, 2025",1,1022,51,"Potato Pancakes, Traditional German Potato Pancakes Recipe, German Potato Pancakes Easy, German Potato Pancake Recipes, German Food Authentic, Potato Cakes, Potato Dishes, Crispy German Potato Pancakes, Potato Pancakes Kartoffelpuffer",https://i.pinimg.com/736x/6a/ae/7b/6aae7b8789a61f2c420d9eea8616edab.jpg,https://app.pinclicks.com/accounts/benji101/boards/2476264,https://app.pinclicks.com/accounts/benji101,"Bring the taste of authentic comfort food to your kitchen with these golden and crispy potato pancakes. Perfectly pan-fried to achieve a crunchy outside and tender inside, they make a satisfying breakfast, brunch, or cozy dinner side. Simple ingredients come together to create a dish that’s both rustic and irresistible, ideal for pairing with sour cream or applesauce for a traditional touch."
15621929952751821,Cheesy Ground Beef and Rice Casserole,https://www.pinterest.com/pin/15621929952751821,2,2898,45,1,"May 18, 2026",0,1037,13,"Fast Dinner Recipes, Beef Casserole Recipes, Beef And Rice, Fast Dinners, Beef Recipes For Dinner, Recette Santé, Beef Dinner, Ground Beef Recipes, Quick Dinner",https://i.pinimg.com/736x/dc/ba/a7/dcbaa7bdb2dcb2d922503b4b8086a9a4.jpg,https://app.pinclicks.com/accounts/cairns7/boards/52012673,https://app.pinclicks.com/accounts/cairns7,"This Cheesy Ground Beef and Rice Casserole is a hearty, one-pan dinner that’s pure comfort food! Made with seasoned ground beef, tender rice, and a creamy, cheesy sauce, it’s baked until hot and bubbly. Easy to make and perfect for busy weeknights or feeding a hungry family!"
1407443631087593,Smothered Ground Beef Burritos Recipe,https://www.pinterest.com/pin/1407443631087593,2,2475,65,1,"Jul 3, 2026",7,492,41,"Homemade Burritos Recipe, Beef And Bean Burritos Recipe, Quick Dinner Ideas Mexican, Easy Dinner Meals With Ground Beef, Summer Dinner Recipes Ground Beef, Mexican Recipes Ground Beef, Supper Recipes With Ground Beef, Summer Dinner Ideas Ground Beef, Hamburger Burrito Recipe",https://i.pinimg.com/736x/af/1b/6e/af1b6e6edfae7554b101767fa42ead35.jpg,https://app.pinclicks.com/accounts/robbikaye/boards/11582093,https://app.pinclicks.com/accounts/robbikaye,"These smothered ground beef burritos are loaded with seasoned beef, wrapped in soft tortillas, and covered with a rich savory sauce and melted cheese. Perfect for easy family dinners, weeknight meals, and Mexican-inspired comfort food. Highly searched Pinterest terms include beef burritos, easy dinner recipes, cheesy burritos, Mexican casserole meals, and ground beef dinner ideas. This hearty recipe is satisfying, budget-friendly, and packed with flavor. Save it for meal planning, family gatherings, and delicious homemade dinners everyone will request again and again. #GroundBeefRecipes #Burritos #DinnerRecipes #EasyMeals #ComfortFood"
1033505814497118216,Slow Cooker Cowboy Casserole,https://www.pinterest.com/pin/1033505814497118216,2,1665,73,,"Aug 21, 2025",1,1656,10,"Crockpot Recipes With Ground Beef And Potatoes, Crockpot Cowboy Casserole Ingredients, Simple Slow Cooker Cowboy Casserole, Easy Crockpot Meals With Potatoes, Slow Cooker Cowboy Casserole, Cheesy Crockpot Cowboy Casserole, Cowboy Slow Cooker Casserole, Slow Cook Cowboy Casserole, Easy Crockpot Recipes With Ground Beef",https://i.pinimg.com/736x/c3/d4/88/c3d4884aeeeb8472b343e17802f4c252.jpg,https://app.pinclicks.com/accounts/jeffjen72/boards/52677805,https://app.pinclicks.com/accounts/jeffjen72,"This Slow Cooker Cowboy Casserole is a hearty, stick-to-your-ribs comfort meal made easy! Packed with ground beef, potatoes, beans, corn, and cheese in a flavorful tomato sauce, it’s a dump-and-go dinner the whole family will love. Perfect for busy weeknights or cozy weekends!"
68750041642,CHICKEN QUESADILLAS,https://www.pinterest.com/pin/68750041642,2,1950,90,1,"May 5, 2026",4,1205,19,"Casadilla Recipes, Ground Chicken Quesadillas, Quesadilla Dinner Recipes, Recipes Quesadillas, Homemade Quesadillas, Quick Chicken Quesadillas, Quesidallia Recipe, Best Quesadillas, Tortilla Dinner Recipes",https://i.pinimg.com/736x/75/46/3a/75463a6b091e78eafe82265994c5b8ed.jpg,https://app.pinclicks.com/accounts/bubba51/boards/3255664,https://app.pinclicks.com/accounts/bubba51,"This Chicken Quesadillas recipe is a quick, cheesy, and flavorful meal made with tender chicken, melted cheese, and crispy tortillas—perfect for easy weeknight dinners, lunch, or family-friendly meals."
44684221303767782,Crispy Homemade Churros | Easy Cinnamon Sugar Treat,https://www.pinterest.com/pin/44684221303767782,1,1962,3,1,"Jul 3, 2026",0,431,125,"Recipes For Sweet Treats, Fun Recipes To Try, Stuff To Bake Desserts, Desert Recipies, Churro Recipes, Recipes Dessert Easy, Homemade Dessert, Simple Sweet Treats, Churro Recipe",https://i.pinimg.com/736x/df/6f/f5/df6ff5818152509c621a8a336f1b28c6.jpg,https://app.pinclicks.com/accounts/angems4e/boards/73506,https://app.pinclicks.com/accounts/angems4e,"Golden, crispy churros coated in sweet cinnamon sugar and served with rich chocolate dip. This easy homemade churros recipe is perfect for dessert lovers and café-style treats at home. 🤎✨  #churros #homemadedessert #easyrecipe #cinnamonsugar #dessertideas #sweettreats #foodie #pinterestrecipes #bakinglove #dessertlover 🤎🥨✨"
140806235256945,Simple High Protein Honey Chicken Mac And Cheese You Can Make Tonight,https://www.pinterest.com/pin/140806235256945,1,1666,4,1,"Jun 30, 2026",3,924,27,"Food Inspo Recipes, Easy Recipes Dinner Chicken, Meals With Pasta, Food To Make With Chicken, Easy Good Meals, Mac And Cheese Ideas, Cheesy Dinner Recipes, Easy Simple Recipes, Cheesy Chicken Pasta Recipes",https://i.pinimg.com/736x/ee/cf/a1/eecfa15c19e132c8ee0f85eb9082b7bd.jpg,https://app.pinclicks.com/accounts/disney530/boards/2531394,https://app.pinclicks.com/accounts/disney530,"This high-protein honey garlic butter chicken with mac and cheese is a simple, gourmet dinner recipe you can make on busy weeknights. The sweet and savory chicken pairs perfectly with creamy, cheesy pasta for a truly satisfying meal your whole family will love. It combines tender, flavorful chicken with a rich sauce and classic comfort food mac and cheese, creating a complete and hearty dish that feels special without requiring hours in the kitchen."
21321798232411831,Ham and Cheese Stromboli You’ll Brag About for Weeks,https://www.pinterest.com/pin/21321798232411831,1,2165,53,1,"Jun 29, 2026",3,63,20,"Deli Ham Recipes, Ham And Cheese Stromboli Recipe, Cheese Stromboli Recipe, Cheese Stromboli, Stromboli Recipe Easy, Homemade Stromboli, Ham Dinner, Calzone Recipe, Stromboli Recipe",https://i.pinimg.com/736x/01/e2/ce/01e2ce6f2fd42971e408ee6a17fef226.jpg,https://app.pinclicks.com/accounts/Wildfaithjourney/boards/44667770,https://app.pinclicks.com/accounts/Wildfaithjourney,"Easy Ham and Cheese Stromboli Recipe in 40 Minutes gives you gooey cheese, smoky ham, and golden crust magic. It’s ridiculously easy, dangerously good, and you’ll want to eat it straight off the pan."
1337074890368569,Kool-Aid Grapes Recipe - Explore a Variety of Foods from Different Cultures!,https://www.pinterest.com/pin/1337074890368569,1,1578,71,1,"May 2, 2026",8,164,43,"How To Make Koolaid Grapes, Easy Candy Recipes For Kids, Candy Recipes For Kids, Homemade Candy Recipes For Kids, Easy Homemade Treats For Kids, How To Make Candy At Home Easy For Kids, Fruit Snack Recipes For Kids, Fruit Snacks To Make, Koolaid Grapes Recipe",https://i.pinimg.com/736x/d5/82/0c/d5820c9fb2407f3258399b678a8f34c9.jpg,https://app.pinclicks.com/accounts/tinylady96/boards/2622686,https://app.pinclicks.com/accounts/tinylady96,"These Kool-Aid grapes are sweet, tangy, and fun to make—perfect for party treats or colorful snacks. Discover how to make them in minutes. #KoolAidGrapes #FunSnacks #EasyTreats"
351912467340052,Taco Spaghetti,https://www.pinterest.com/pin/351912467340052,1,553,93,1,"May 5, 2026",2,348,4,"Taco Spaghetti Recipe, Mexican Pasta, Ground Beef Recipes For Dinner, Dinner With Ground Beef, Beef Casserole, Spaghetti Recipes, Vegetarian Recipes Dinner, Beef Recipes For Dinner, Beef Dinner",https://i.pinimg.com/736x/56/81/08/56810819fd105e22c00c90478def14ef.jpg,https://app.pinclicks.com/accounts/lawdog2705/boards/21136732,https://app.pinclicks.com/accounts/lawdog2705,"This Taco Spaghetti is a fun, flavorful mashup of two comfort food favorites! Tender pasta is tossed with seasoned ground beef, zesty taco seasoning, salsa, and melty cheese for a one-pot meal that’s bold, cheesy, and perfect for busy weeknights!"
295196950600648700,Everyday Pasta Recipes,https://www.pinterest.com/pin/295196950600648700,0,192,2,,"Jun 20, 2026",0,188,7,"Recipes Pasta, Recipes Dinner, Yummy Dinner Recipes, Simple Pasta Recipes, Pasta Ideas, Pasta Recipes, Pasta",https://i.pinimg.com/736x/40/78/e8/4078e88e6388689d745b3456949240f6.jpg,https://app.pinclicks.com/accounts/rlmrichards/boards/9460161,https://app.pinclicks.com/accounts/rlmrichards,Everyday Pasta Recipes
80431543341582874,"Would you try this?
Airfryer Crispy Sesame Chicken 
Busy nights call for easy meals! 🍽️✨
If your air fryer is collectin… [Video] | Air fryer rezepte, Abendessen rezepte einfach, Kalorienarmes essen rezepte",https://www.pinterest.com/pin/80431543341582874,0,480,6,1,"Jun 29, 2026",1,281,33,"Simple Foods, Dinner Easy, Airfryer Meals, Air Fryer Snacks, Best Air Fryer Recipes, Airfryer Recipes, Air Fryer Meals, Food Ideas, Easy Lunch Ideas",https://i.pinimg.com/736x/40/c2/14/40c214ad10dbf75f544761f05f3b75ea.jpg,https://app.pinclicks.com/accounts/MasterHobbit/boards/52851253,https://app.pinclicks.com/accounts/MasterHobbit,"Would you try this? Airfryer Crispy Sesame Chicken  Busy nights call for easy meals! 🍽️✨ If your air fryer is collecting dust on the counter, it’s time to put it to work. 💕 Crispy Chicken Wings 💕 Air Fryer Salmon 💕 Garlic Parmesan Potatoes 💕 Chicken Tenders 💕 Stuffed Peppers 💕 Roasted Vegetables 💕 Juicy Chicken Breasts 💕 Easy Family-Friendly Dinners These recipes are quick, delicious, and perfect for busy families who want homemade meals without spending hours in the kitchen. Less cooking. Le..."
138556126033144091,Creamy Mac and Cheese Recipe,https://www.pinterest.com/pin/138556126033144091,0,213,8,1,"Jul 2, 2026",0,96,15,"Food With Recipes, Cozy Recipes, Good Food Recipes, Simple Food Recipes, Recipes To Try, Mac And Cheese Recipe, Best Homemade Mac And Cheese Recipe, Cheesy Mac And Cheese, Macaroni Recipes",https://i.pinimg.com/736x/88/d7/ba/88d7ba1fb54a2cf360b542436c60d24f.jpg,Board not found,https://app.pinclicks.com/accounts/bbombardier0889,"Rich and cheesy mac and cheese made with elbow pasta, cheddar, milk and butter. A warm comfort food recipe everyone loves."
99149629293413169,Marry Me Chicken {BEST Ever Recipe!},https://www.pinterest.com/pin/99149629293413169,0,6,10,1,"Jun 28, 2026",0,3,0,"Good Easy Dinners, Recipes Savory, Crispy Honey Garlic Chicken, Good Recipes For Dinner, Recipe Ideas Dinner, Honey Garlic Chicken With Rice, Recipes Chicken, Quick Dinners, Quick Chicken Dinner Ideas",https://i.pinimg.com/736x/28/42/5b/28425baaac4f06cbf7950548589c42bc.jpg,Board not found,https://app.pinclicks.com/accounts/AccaLeaVenus,Marry Me Chicken {BEST Ever Recipe!}
1111192908085685794,Sticky Sweet Bourbon Chicken Recipe Easy Homemade 5-Ingredient Dinner,https://www.pinterest.com/pin/1111192908085685794,0,59,11,,"Jun 30, 2026",0,50,0,,https://i.pinimg.com/736x/be/64/9f/be649f9d25dfb1926e6a328592600b6f.jpg,https://app.pinclicks.com/accounts/platefusionoff/boards/48808101,https://app.pinclicks.com/accounts/platefusionoff,"Sticky sweet bourbon chicken glazed to perfection with a rich honey garlic sauce 🍯 makes for a tender, juicy chicken dinner your family will love. Perfect for busy weeknights or casual al fresco meals, this easy skillet dish is sure to become a go-to. Pin it for dinner tonight!"
498070040062561131,Best Garlic Parmesan Steak Pasta Recipe,https://www.pinterest.com/pin/498070040062561131,0,145,12,1,"Jul 3, 2026",0,59,5,"Dinner Ideas Steak, Pasta Recipes",https://i.pinimg.com/736x/e0/82/c7/e082c7aeffd56476aec57773b2e90261.jpg,Board not found,https://app.pinclicks.com/accounts/justinew88,"Loaded with tender steak, creamy Parmesan sauce, and perfectly cooked pasta, this Garlic Parmesan Steak Pasta is comfort food at its finest. #SteakRecipes #GarlicParmesan #CreamyDinner #PastaLovers #ComfortFoodDinner #BeefPasta #EasyMeals"
106397609943042352,Cowboy Butter Chicken Pasta,https://www.pinterest.com/pin/106397609943042352,0,111,13,1,"Jul 1, 2026",0,10,1,"Good Recipes, Ideas For Chicken, Cooking Ideas, Recipe Ideas, Pancakes Ingredients, 1 Egg, Chicken Pasta, Large Bowl, Butter Chicken",https://i.pinimg.com/736x/e9/22/06/e922060d564a6d42744eea101b4a559e.jpg,Board not found,https://app.pinclicks.com/accounts/cgarcia223,"Classic Buttermilk Pancakes Ingredients: 1 1/2 cups all-purpose flour, 3 1/2 tsp baking powder, 1 tsp salt, 1 tbsp sugar, 1 1/4 cups buttermilk, 1 egg, 3 tbsp melted butter Steps: 1. Whisk dry ingredients in a large bowl. 2. In another bowl, beat egg and buttermilk together. 3. Pour wet ingredients into dry ingredients and stir until just combined. 4. Stir in melted butter. 5. Heat a lightly oiled griddle or pan over medium-high heat. 6. Pour 1/4 cup batter for each pancake. 7. Cook until bubbles form and edges are dry, about 2-3 minutes. 8. Flip and cook until golden brown, about 1-2 minutes more. Serve warm with syrup. Servings: 4 Calories: 320 per serving"
75435362505496774,Creamy Chicken Alfredo Pasta Recipe,https://www.pinterest.com/pin/75435362505496774,0,114,15,1,"Jul 3, 2026",0,39,8,"Meal Recipes, Chicken Alfredo Recipe, Easy Food Recipes, Alfredo Pasta Recipes Easy, Chicken Alfredo Pasta, Alfredo Pasta, Pasta Lover, Easy Cooking Recipes, Creamy Chicken",https://i.pinimg.com/736x/6d/c9/78/6dc978ff76fcddb3fb81f80d1c2d8f08.jpg,Board not found,https://app.pinclicks.com/accounts/saffffia10,"Restaurant-style chicken Alfredo pasta with creamy sauce, fettuccine, parmesan and sliced chicken. A rich and easy dinner recipe for pasta lovers."
1043638913683273752,Easy Crispy Chicken Wraps Recipe 5 Perfect Weeknight Dinner Ideas,https://www.pinterest.com/pin/1043638913683273752,0,33,16,,"Jul 1, 2026",0,27,0,,https://i.pinimg.com/736x/31/0a/00/310a0086b8f74f0fe83941fcb30ea919.jpg,https://app.pinclicks.com/accounts/plateandeatoff/boards/47050375,https://app.pinclicks.com/accounts/plateandeatoff,"Crispy chicken strips wrapped in soft tortillas make these chicken wraps an easy dinner recipe you’ll love 🥑. Perfectly paired with buffalo chicken and fresh veggies, they’re a hit for busy weeknights or family dinners. Pin it for dinner tonight!"
164381455146461867,No-Bake Oreo Cheesecake Cups Recipe | Easy Creamy Individual Desserts,https://www.pinterest.com/pin/164381455146461867,0,464,17,1,"Jul 3, 2026",0,101,22,"Cool Things To Bake Desserts, Recipes For Treats, Yummy Food Recipes Dessert, Easy Oreo Recipes, Delicious Desserts Recipes, Good Food Recipes, Cute Food Recipes, Food Recipes Dessert, Baking Recipe",https://i.pinimg.com/736x/ee/f7/c0/eef7c07e6df7a9ac418e47014fc24d1e.jpg,https://app.pinclicks.com/accounts/cstanicki/boards/53389239,https://app.pinclicks.com/accounts/cstanicki,"Craving a quick and delicious dessert? 🍪✨ These No-Bake Oreo Cheesecake Cups are rich, creamy, and loaded with crushed Oreo cookies in every bite! Perfect for parties, holidays, family gatherings, or an easy weeknight treat. With just a few simple ingredients and no oven required, this dessert comes together in minutes and chills to perfection. Save this easy no-bake cheesecake recipe for your next sweet craving!   #NoBakeDessert #OreoCheesecake #CheesecakeCups #EasyDessertRecipes #DessertIdeas #OreoLovers #NoBakeCheesecake #CreamyDesserts #HomemadeDesserts #PartyDesserts #IndividualDesserts #SweetTreats #DessertInspiration #EasyRecipes #Recipes"
213639576068264540,Easy Soft Garlic Breadsticks Recipe,https://www.pinterest.com/pin/213639576068264540,0,20,18,1,"Jul 3, 2026",0,9,2,"Foods To Make, Healthy Bread Recipes, Garlic Breadsticks, Yeast Bread Recipes, Healthy Bread, Garlic Seasoning, Yeast Bread, Pasta Dinners, Breadsticks",https://i.pinimg.com/736x/d5/b7/95/d5b795fc57931e6c3743309a3b73c659.jpg,Board not found,https://app.pinclicks.com/accounts/shelly_lynn88,"These Soft Garlic Breadsticks are fluffy, buttery, and brushed with flavorful garlic seasoning. Perfect alongside pasta dinners, homemade bread recipes, easy side dish ideas, soft yeast bread recipes, and family-friendly comfort foods. Soft Garlic Breadsticks are simple to make and pair beautifully with your favorite meals. Save this recipe and bake a fresh batch tonight! #GarlicBreadsticks #HomemadeBread #EasyRecipes #SideDish #ComfortFood"
1090011916091942448,Creamy Garlic Parmesan Ground Beef Pasta Skillet Recipe Easy and Perfect Dinner Idea,https://www.pinterest.com/pin/1090011916091942448,0,30,19,,"Jul 1, 2026",0,27,1,,https://i.pinimg.com/736x/92/3b/0e/923b0ea9ab91f45946f00bf065a1a554.jpg,https://app.pinclicks.com/accounts/merrymorselcom/boards/49767077,https://app.pinclicks.com/accounts/merrymorselcom,"Discover a comforting one-pan dinner that’s ready in just 20 minutes. This creamy garlic parmesan ground beef pasta skillet features tender beef and al dente penne coated in a rich, velvety sauce. Perfect for busy weeknights, it’s hearty, flavorful, and easy to make. Save this recipe for a quick and satisfying meal!"
367113807147035851,Creamy Pasta Recipe 🍝✨ | Easy Cheesy Pasta for Dinner,https://www.pinterest.com/pin/367113807147035851,0,305,22,1,"Jul 1, 2026",1,68,29,"How To Make Pasta Recipes, Creamy Cheese Pasta, Easy Meal Recipes, Homemade Food Recipes, Good Food Recipes, Dinner Recipes Easy, Easy Cooking Ideas, Meal Recipes, Food To Make At Home",https://i.pinimg.com/736x/77/45/e3/7745e3c05c26de01f855aef3e8c6ae9f.jpg,Board not found,https://app.pinclicks.com/accounts/cathryn0130,"This creamy, cheesy pasta is rich, comforting, and incredibly easy to make. Perfect for busy weeknights, cozy dinners, meal prep, or when you're craving restaurant-style pasta at home. Save this pin for quick dinner ideas, pasta inspiration, and delicious comfort food recipes. 🤍🍝"
1096345103064509213,🍝 Creamy Pasta Recipe | Easy Restaurant-Style Dinner in 20 Minutes,https://www.pinterest.com/pin/1096345103064509213,0,5,24,,"Jun 29, 2026",0,4,1,"Food Ideas Pasta, Pasta Recipes Garlic, Pasta Recipes Creamy, Easy Pasta Ideas, Pasta Garlic, Creamy Garlic Pasta Recipes, Homemade Food Recipes, Meal Recipes, Yummy Dinner Recipes",https://i.pinimg.com/736x/77/0e/e3/770ee3270e1b7405db6a78e67b23a635.jpg,https://app.pinclicks.com/accounts/velvet_nesst/boards/52970352,https://app.pinclicks.com/accounts/velvet_nesst,"Enjoy a rich and creamy pasta recipe that's quick, easy, and packed with flavor! Perfect for busy weeknight dinners or cozy comfort meals, this restaurant-style pasta comes together in just 20 minutes using simple ingredients. Save this delicious recipe for your next meal!#CreamyPasta #PastaRecipe #EasyDinner #ItalianFood #ComfortFood #HomemadePasta #QuickMeals #DinnerIdeas #RecipePin #PinterestRecipes #FoodPhotography #EasyRecipes #PastaLover #WeeknightDinner #FoodInspo #RestaurantStyle #CreamyRecipes #LunchIdeas #YummyFood #CookingAtHome"
563018699755939,"Delicious Birria Tacos Recipe | Beef birria recipe, Fast dinner recipes, Birra tacos",https://www.pinterest.com/pin/563018699755939,0,497,27,1,"May 30, 2026",1,237,5,"Recetas Mexicanas, Interesting Food Recipes, Fast Dinner Recipes, Recette Patisserie Facile, Fast Dinners, Beef Birria Recipe, Diner, Mexican Food Recipes, Comfort Food",https://i.pinimg.com/736x/9c/37/ef/9c37ef16307c66811dad073508351823.jpg,https://app.pinclicks.com/accounts/rkrclog/boards/50233901,https://app.pinclicks.com/accounts/rkrclog,"Prepare to tantalize your taste buds with my all-time Fave Birria Tacos recipe! Picture tender, shredded beef, oozing with cheese, and crisped to perfection—these are hands down the best homemade tacos you'll ever sink your teeth into. We're talking braising a rich birria de rez, crafting a flavorsome consomé, and frying up tacos with luscious Oaxacan cheese. Get ready for taco perfection! Make-ahead, Gluten-free, Dairy-free + Vegan option. | how to make birria tacos | homemade birria tacos"
87679523992449706,Creamy alfredo pasta recipe,https://www.pinterest.com/pin/87679523992449706,0,148,28,1,"Jun 28, 2026",0,47,4,"Pasta Recipe, Creamy Garlic Penne Pasta, Alfredo Sauce Recipe, Alfredo Recipe, Alfredo Pasta, Alfredo, Pasta Recipes, Pasta",https://i.pinimg.com/736x/42/1d/e7/421de7c4653b97a638d2c49f14896e82.jpg,https://app.pinclicks.com/accounts/van_kha_angel/boards/52989642,https://app.pinclicks.com/accounts/van_kha_angel, 
102527329012627906,Chocolate chip cookies |only takes 20 minutes and makes a dozen,https://www.pinterest.com/pin/102527329012627906,0,148,35,,"Jun 25, 2026",0,146,7,,https://i.pinimg.com/736x/64/c6/f7/64c6f73c29fa87a5fc83ce8116f1363e.jpg,https://app.pinclicks.com/accounts/Flavourcraft_hub/boards/52771744,https://app.pinclicks.com/accounts/Flavourcraft_hub,"Craving something delicious? ✨ Try this easy chocolate cookie recipe ! Made with simple ingredients and ready in just 20 minutes, it's perfect for snack and dessert. Save this recipe for later and follow for more easy homemade treats! 💕"
1150529036080066718,Pizzeria Cheesy Garlic Breadsticks Recipe – Better Than Takeout Favorite,https://www.pinterest.com/pin/1150529036080066718,0,50,36,,"Jun 20, 2026",0,41,1,"Cheesy Garlic Breadsticks Recipe, Crispy Rolls, Cheesy Breadsticks, Garlic Breadsticks, Ranch Dip, Cheese Snacks, Breadsticks, Party Platters, Game Day Snacks",https://i.pinimg.com/736x/f6/23/bc/f623bc9dec929b12d5724e051d52f1dd.jpg,https://app.pinclicks.com/accounts/millicenthineszrc/boards/52771547,https://app.pinclicks.com/accounts/millicenthineszrc,"This Pizzeria Cheesy Garlic Breadsticks Recipe delivers soft, buttery breadsticks loaded with stretchy mozzarella cheese, garlic butter, parmesan, and classic pizzeria flavor right from your oven. These homemade cheesy breadsticks are perfect for pizza night, game day snacks, appetizers, party platters, or comforting family dinners. Every bite is fluffy, cheesy, garlicky, and perfectly golden with irresistible pull-apart texture. Serve them with marinara sauce, ranch dip, or soup for a restaurant-style side dish that tastes even better than takeout and disappears fast every single time.
Select 14 more words to run Humanizer."
867365209534567187,Creamy Garlic Pasta 🍝 | Easy 20-Minute Recipe,https://www.pinterest.com/pin/867365209534567187,0,2,39,,"Jul 1, 2026",0,1,0,,https://i.pinimg.com/736x/56/31/9d/56319d9aa4db3a8fa8342c13d4a6018e.jpg,https://app.pinclicks.com/accounts/ankku9795/boards/45882146,https://app.pinclicks.com/accounts/ankku9795,"Craving restaurant-style pasta at home? 🍝✨
This creamy garlic pasta is rich, cheesy, and ready in just 20 minutes. Perfect for lunch, dinner, or a quick comfort meal!
✔ Easy to make
✔ Super creamy
✔ Family favorite
✔ Beginner-friendly
Save this recipe and enjoy every delicious bite! ❤️
#Pasta #CreamyGarlicPasta #EasyRecipe #Food #Cooking #Dinner #Homemade #Cheesy #QuickRecipes #FoodLover"
1140958886875767343,Kid-Friendly Homemade Mozzarella Sticks,https://www.pinterest.com/pin/1140958886875767343,0,5,46,,"Jun 30, 2026",0,4,1,"Easy Savory Foods To Make, Fun Snacks To Make Easy, Recipes For Fun, Cool Things To Cook, Fun Recipes To Make At Home, Kid Snacks Homemade, Fun Kids Recipes, Simple Late Night Snacks, Homemade Treats For Kids",https://i.pinimg.com/736x/33/84/bc/3384bca11333cf0c8af7a600be2f88f6.jpg,Board not found,https://app.pinclicks.com/accounts/japan7410,"These kid-friendly homemade mozzarella sticks are crispy on the outside, gooey on the inside, and easy to make at home. Perfect for snacks, appetizers, game day, lunchboxes, or after-school treats. Learn how to make homemade mozzarella sticks with simple ingredients and enjoy a family favorite everyone will love.
"
25121710419197011,Stunning Summer Brunch: Strawberry Cinnamon Rolls with Cream Cheese Frosting,https://www.pinterest.com/pin/25121710419197011,0,94,48,1,"Jul 3, 2026",0,12,2,"Easy Cinnamon Roll Recipe, Strawberry Cinnamon Rolls, Cream Cheese Glaze, Summer Brunch, Something Sweet, Treat Yourself, Cinnamon Rolls, Frosting, Cinnamon",https://i.pinimg.com/736x/99/06/30/99063075cf0960e8551bd937e8345e56.jpg,https://app.pinclicks.com/accounts/gijo26/boards/25264896,https://app.pinclicks.com/accounts/gijo26,"After a busy morning, treat yourself to these strawberry cinnamon rolls! Flaky rolls filled with juicy strawberries and a creamy glaze make for a quick, satisfying snack. Perfect for your afternoon pick-me-up—because you deserve something sweet today!"
531284087315471613,Sticky Garlic Chicken Noodles – Hearty Dinner,https://www.pinterest.com/pin/531284087315471613,0,169,49,1,"Jul 3, 2026",0,74,3,"Good Dinner Recipes, Fun Dinner Ideas, Chicken Noodle Recipes, Noodle Recipes Easy, Chinese Noodles, Chicken Chunks, Summer Recipes Dinner, Fall Dinner, Best Dinner Recipes",https://i.pinimg.com/736x/42/19/39/4219394eba0deed5a2770db0935cff7d.jpg,Board not found,https://app.pinclicks.com/accounts/kimberlycoolman,"Sticky garlic chicken noodles bring a hearty dinner idea that’s perfect for busy weeknights. Tender chicken chunks and thick noodles coated in a luscious, savory sauce make this dish a family favorite. Great for quick meals that don’t sacrifice flavor 🥢 Pin it for dinner tonight!"
298785756552635138,CRISPY GARLIC BUTTER Chicken Wraps WITH MELTED CHEESE,https://www.pinterest.com/pin/298785756552635138,0,73,50,1,"Jul 3, 2026",0,1,2,"Garlic Butter, Garlic Butter Chicken, Chicken Wraps, Butter Chicken, Melted Cheese, Garlic, Butter, Cheese, Chicken",https://i.pinimg.com/736x/f9/53/0b/f9530bf3883867eb4657cea469eb8e3a.jpg,https://app.pinclicks.com/accounts/virtuousrubies/boards/2693910,https://app.pinclicks.com/accounts/virtuousrubies,CRISPY GARLIC BUTTER Chicken Wraps WITH MELTED CHEESE
3448137210715307,This Creamy Rattlesnake Pasta Will Make You Weak in the Knees,https://www.pinterest.com/pin/3448137210715307,0,86,51,,"Mar 15, 2026",0,85,4,"Comfort Food Recipes, Creamy Pasta Dish, Easy Weeknight Dinner Ideas, Rattlesnake Pasta Recipe, Spicy Chicken Pasta, Different Pasta Ideas, Dinner Recipes For Three, Easy Dinner Noodle Recipes, Fast Weeknight Dinner",https://i.pinimg.com/736x/db/ff/87/dbff8718b827b3fabf7a5eba4944c6bc.jpg,https://app.pinclicks.com/accounts/dreneereeves/boards/14773323,https://app.pinclicks.com/accounts/dreneereeves,"Rattlesnake pasta is a restaurant-worthy dish you can make at home! Penne is coated in a creamy, spicy, cheesy sauce you'll flip for."
1115133557762150007,Creamy Herb Chicken with Roasted Potatoes & Mushrooms,https://www.pinterest.com/pin/1115133557762150007,0,143,54,,"Jun 30, 2026",1,135,7,,https://i.pinimg.com/736x/e4/1c/10/e41c1027f1c36bda526c48b0e2ba77ca.jpg,https://app.pinclicks.com/accounts/gainvibefitness/boards/53292912,https://app.pinclicks.com/accounts/gainvibefitness,"Indulge in a hearty yet elegant dinner idea: golden‑brown chicken breast slices drizzled with creamy herb sauce, paired with crispy roasted baby potatoes and sautéed mushrooms. Perfect for healthy comfort food inspiration, meal prep boards, or food photography aesthetics. This pin captures the balance of flavor, texture, and presentation — ideal for home cooks and food lovers looking for Pinterest‑worthy dinner ideas.

#DinnerIdeas #DinnerRecipes #ChickenRecipes #FoodPinterest #RecipeIdeas #HomeCooking #DeliciousFood #FoodieLife #EasyRecipes #DinnerInspiration"
53621051810671246,Bang Bang Chicken Bowl for Healthy Meal Prep,https://www.pinterest.com/pin/53621051810671246,0,183,58,1,"Jun 30, 2026",0,92,1,"Yummy Healthy Dinner Recipes, Amazing Recipes, Good Dinner Recipes, Yummy Healthy Recipes, Bang Bang Chicken Bowl Recipe, Bowl Meals, Bowl Recipes, Healthy Dinners, Bang Bang Chicken Bowl",https://i.pinimg.com/736x/68/d8/75/68d875a88988fe6acb202969822f54b8.jpg,https://app.pinclicks.com/accounts/ellasmithyy/boards/30770375,https://app.pinclicks.com/accounts/ellasmithyy,"Elevate your dinner with this delicious Bang Bang Chicken Bowl! This easy recipe features tender chicken, colorful veggies, and a creamy sauce served over fluffy rice – a family-friendly meal perfect for busy weeknights. Whip it up in no time and savor a comforting dish your loved ones will adore. Dive in and enjoy!"
284360163968979175,Pepperoni Pizza Crescent Rolls,https://www.pinterest.com/pin/284360163968979175,0,388,64,,"Sep 9, 2025",0,386,7,"Pepperoni Crescent Rolls, Easy Dinners For Kids, Crescent Roll Pizza, Crescent Roll Recipes, Easy Lunches, Appetizer Snacks, Kids Meals, Family Dinner, Appetizer Recipes",https://i.pinimg.com/736x/66/7a/65/667a65f185a78f2d455908fc286b9a3f.jpg,https://app.pinclicks.com/accounts/pkrue/boards/52828747,https://app.pinclicks.com/accounts/pkrue,Pepperoni Pizza Crescent Rolls
558587160057358470,"#FoodPhotography #Burger #Cheeseburger #ChickenBurger #Pizza #Fries #FrenchFries #HotDog #Sandwich #Wrap #Shawarma #Past… | Food recipe cards, Pasta recipe cards, Creamy garlic pasta cooking instructions",https://www.pinterest.com/pin/558587160057358470,0,83,67,1,"Jul 3, 2026",0,24,1,,https://i.pinimg.com/736x/3a/66/86/3a6686e06a16fbe2b3b0362da605291f.jpg,https://app.pinclicks.com/accounts/cottagecorenerdy/boards/37642561,https://app.pinclicks.com/accounts/cottagecorenerdy,#FoodPhotography #Burger #Cheeseburger #ChickenBurger #Pizza #Fries #FrenchFries #HotDog #Sandwich #Wrap #Shawarma #Pasta #Noodles #Momos #SpringRolls #FriedChicken #ChickenNuggets #OnionRings #GarlicBread #Milkshake #IceCream #Donuts #Samosa #VadaPav #PavBhaji #MisalPav #Dabeli #Kachori #PaniPuri #BhelPuri #CholeBhature #IndianFood #StreetFoodIndia #QuickBites
1133218325017989263,Very Affordable Sweet Chili Chicken Bites,https://www.pinterest.com/pin/1133218325017989263,0,17,68,,"Jun 30, 2026",0,9,0,,https://i.pinimg.com/736x/82/26/f6/8226f610df5fed695393d8775e8c1a7d.jpg,https://app.pinclicks.com/accounts/cheapfoodcorner/boards/47838272,https://app.pinclicks.com/accounts/cheapfoodcorner,"Satisfy your craving for something sweet and savory with these Very Affordable Sweet Chili Chicken Bites. Coated in a delicious, sticky sweet chili sauce, these bites are perfect for a quick snack or a budget-friendly appetizer that will impress your family and friends. Easy to prepare and full of flavor, they make a fantastic addition to any meal or gathering."
879820477226050993,One-Pot Bold Honey BBQ Sausage Pasta - Ultimate Comfort Dish,https://www.pinterest.com/pin/879820477226050993,0,382,76,,"Jun 10, 2026",0,380,3,"One Pot Honey Bbq Sausage Pasta, Honey Bbq Sausage Pasta, Cheap Hearty Meals, Camper Meals Easy, Dinner Ideas Stovetop Meals, Easy Dinner Cheap, Dinner Ideas Summer Easy, Dinners For A Hot Day, Quick Easy Dinner For Kids",https://i.pinimg.com/736x/0f/ba/a4/0fbaa43890482482d79763c2e7f055a9.jpg,Board not found,https://app.pinclicks.com/accounts/elegydurge3287,"Want a super tasty dinner without a ton of dishes? Try this One-Pot Honey BBQ Sausage Pasta! It's really fast to make and tastes amazing, like a big warm hug. You'll love how easy it is to get a yummy meal on the table that everyone will ask for again. Ready to make a delicious comfort dish? Tap to find out how!"
1037094620458107346,Discover 10 Easy Dinner Ideas for Quick Family Meals Everyone Will Love,https://www.pinterest.com/pin/1037094620458107346,0,43,78,1,"May 5, 2026",1,40,0,"Seafood Dish Recipes, Delicious Seafood Recipes, Shrimp Recipes For Dinner, Shrimp Recipes Easy, Shrimp Dishes, Seafood Dinner, Seafood Dishes, Diy Food Recipes, Yummy Dinners",https://i.pinimg.com/736x/a3/cb/c1/a3cbc16ff7ee1d0a71cc031f412946a1.jpg,Board not found,https://app.pinclicks.com/accounts/jessicabauers1431,"Looking for simple and delicious dinner ideas? Explore our collection of quick recipes perfect for weeknight meals. From one-pan wonders to 30-minute pasta dishes, these easy recipes will have your family gathered around the table in no time. Say goodbye to mealtime stress with these tasty, satisfying options that are sure to please even the pickiest eaters. Don’t forget to save this pin for future dinner inspiration and make family mealtime a breeze!"
1093248878321541683,4 Healthy French Fries Recipes | Easy & Crispy Homemade Fries,https://www.pinterest.com/pin/1093248878321541683,0,41,80,,"Jun 29, 2026",0,40,0,,https://i.pinimg.com/736x/ef/0b/48/ef0b487d141405462d44a7cf3d1a9787.jpg,https://app.pinclicks.com/accounts/DsOnlinecoach/boards/52989643,https://app.pinclicks.com/accounts/DsOnlinecoach,"Looking for healthier alternatives to regular fries? 🍟✨
 
Try these 4 delicious recipes:
🥔 Baked Potato Fries
🍠 Sweet Potato Fries
🥒 Zucchini Fries
🥕 Carrot Fries

These easy homemade fries are crispy, flavorful and made with simple ingredients. Perfect as a healthy side dish, snack or family dinner idea!

Save this pin for later and enjoy healthier comfort food without giving up your favorite fries. 💛

#HealthyRecipes #HealthyFries #FrenchFries #EasyRecipes #HealthyEating #CleanEating #HealthySnack #AirFryerRecipes #DinnerIdeas #FoodInspiration #HomemadeFries #HealthyFood"
905364331362323921,"Cheesy bread from bread loaf | What to do with french bread loaf, Cheese bread with french loaf, Menu",https://www.pinterest.com/pin/905364331362323921,0,161,94,,"Jun 29, 2026",0,144,2,,https://i.pinimg.com/736x/3d/f4/eb/3df4eb9dc9074d644efb23b95575137e.jpg,https://app.pinclicks.com/accounts/Blxxssedsoul/boards/1468614,https://app.pinclicks.com/accounts/Blxxssedsoul, 
979673725215426498,Crispy Orange Chicken — Easy 30-Minute Recipe,https://www.pinterest.com/pin/979673725215426498,0,27,97,,"Jun 30, 2026",0,25,1,,https://i.pinimg.com/736x/c9/0f/dc/c90fdccc6f6b0aeb26ce69f2e69a3577.jpg,https://app.pinclicks.com/accounts/cookingcrumbscarla/boards/52932973,https://app.pinclicks.com/accounts/cookingcrumbscarla,"Crispy orange chicken recipes bring vibrant citrus flavors and quick, flavorful dinners to your table, perfect for those who love easy meal ideas and tasty Asian-inspired dishes. With crispy coatings and tangy-sweet orange glaze, these recipes offer satisfying comfort and versatile variations like baked or gluten-free options, making weeknight cooking more fun and effortless. A cozy culinary idea for busy evenings and family-friendly dinners that you'll want to revisit."